,Headline
0,Coronavirus merch is somehow worse than I expected
1,These Bogus Coronavirus Trackers Could Infect Your Computer
2,Apple is rejecting coronavirus apps to limit virus misinformation
3,One surprising byproduct of the coronavirus outbreak? Virus-themed Etsy crafts
4,38% of Americans won't buy Corona beer because of coronavirus
5,A Global Pandemic Won’t Stop the Desperate Desire to Go Viral
6,Corona Cancels Cons
7,Video shows Iran's deputy health minister coming down with coronavirus at a press conference
8,Pathologists debunk 13 coronavirus myths
9,Here are some fun tips for washing your hands
10,"Amazon is a coronavirus mess as sellers sling merch, overpriced masks"
11,Trump puts Pence in charge of coronavirus response in meandering press conference
12,Covid-19 Fears Shouldn't Trash Your Zero Waste Efforts
13,Covidify – corona virus report generator (Python)
14,"No, Corona Beer Has Nothing to Do with the Coronavirus"
15,Hackaday Belgrade Conference Postponed
16,"Coronavirus death toll in Iranian city of Qom is at 50, news agency reports - The Globe and Mail"
17,Iran Confirms Official Running Its Anti-Coronavirus Task Force Has Contracted Coronavirus
18,French people have been told to stop kissing each other on the cheek to stop coronavirus spreading
19,"FDA, FTC slam 7 companies selling bogus COVID-19 cures"
20,AI can detect Corona virus from CT scans in just 20 seconds
21,BREAKING: Japan Resident with Coronavirus was on Maui and O'ahu - Maui Now
22,'Everyone's losing': College campus closures a stark reality for students
23,"Mike Pence and Jay Inslee were photographed using a handshake alternative where you bump elbows, amidst the coronavirus outbreak"
24,We Regret to Inform You That These Coronavirus Songs Slap
25,Germany announces economic measures to stall 'corona-crisis'
26,People are selling medical face-masks on Facebook in bulk amid coronavirus fears (FB)
27,Virus Entrepreneurship: Is Now The Best Time To Start A Unicorn Venture In Emerging Trends?
28,Philippines imposes travel ban on South Korea's coronavirus-impacted province
29,"Coronavirus Merch Is Here, But Who's Buying It?"
30,Corona: Saudi suspends Umrah pilgrim visas
31,Pakistan confirms first two cases of coronavirus
32,A short film provides a striking look inside Wuhan’s coronavirus lockdown
33,Corona Beer Brewer Disputes Claims of Virus Impact on Sales
34,Trump Should Have Corona-Bumped
35,Succinct Summation for the Week 2.14.20
36,Why Ralph Lauren Shares Dropped Today
37,Erin Grace: The virus forces us to look beyond the toilet paper shelves at harder questions - Omaha World-Herald
38,Covid-19: Corona beers brunt of virus attack
39,"Need to Know: Wait for these signals to buy coronavirus-battered stocks, says BNY Mellon strategist"
40,"Photos of deserted, nearly empty airports around the world show how coronavirus has decimated air travel"
41,Photos show what Italy is like under lockdown as the country becomes Europe's epicenter of the coronavirus with more than 200 cases reported in 3 days
42,Watch: Worried about Coronavirus Wonder Woman invades pitch as South Africa take on England
43,Bad Bets and the Corona Virus Epidemic
44,Trump asked pharmaceutical execs if the flu vaccine could be used to stop coronavirus. Here's why that wouldn't work.
45,What would beer be like if it was brewed on a generation ship?
46,"Rahul Gandhi Screened For Coronavirus, Says Congress After BJP's Swipe - NDTV News"
47,Chinese middlemen are stockpiling facemasks from Kenya and Tanzania for export to China
48,Rupee dives 60 paise to 72.21 against dollar
49,"Love in a time of Corona Virus - Tips, Tricks and Best Practices for Working Remotely"
50,Congressman Who Mocked Emergency Coronavirus Bill Goes Into Self-Quarantine
51,Toilet paper roll selling for $100 on Craigslist as people capitalize on COVID-19 fears - Abbotsford News
52,Trevor Noah Has An X-Rated Plan To Help You Avoid Coronavirus Infection
53,Cops Are Falsely Warning That Meth Might Contain Coronavirus
54,The pitfalls of being Too Online during the coronavirus
55,Dr. Fauci Schools Hannity on Dangers of Coronavirus
56,Frightened by the Corona Virus? Here's what you should know
57,Corona Virus Entering Europe
58,Fed’s Clarida says ‘still too soon to even speculate’ about impact of coronavirus
59,Budweiser brewer AB InBev downgraded by JP Morgan over hard seltzer competition and coronavirus
60,"Two-thirds of Germans may get coronavirus, Merkel says"
61,On-nomi (オン飲み) is the new Japanese term for drinking online
62,Magic: What Happens When Water Droplets Perfectly Impact The Tip Of A Superhydrophobic Cone
63,"COVID-19 Coronavirus: Impact on Apple's iPhone, Mac and WWDC"
64,"Sound On: Market Drop, Corona Virus Response (Podcast)"
65,Coronavirus-themed party stirs anger at college!
66,And Portugal have no one infected
67,Is Constellation Brands Coronavirus Confusion Really Growing?
68,It helps against corona virus
69,How to cure corona virus
70,Cybercrooks see the coronavirus as an opportunity to steal from you
71,High demand for Xiaomi Mi 10 sees the phone sell out in seconds
72,Corona beer maker says U.S. sales remain strong despite virus outbreak
73,Netanyahu’s Challenger Can’t Afford to Be a Purist
74,"New, detailed images of novel coronavirus released by US lab"
75,"Corona Virus, Pregnancy, and Autism"
76,Advisory from Ministry of Ayush for meeting the challenges arising out of spread of Corona Virus in India
77,Some Kids In New York’s Coronavirus Containment Zone Are Worried Their “Corona Break” Will Set Them Back
78,Trump suggests using flu vaccine on coronavirus and is instantly corrected by health experts: ‘No’
79,Corona Scenarios
80,Linked: BMW Launch
81,Impacts of Corona Virus and the Tech Sector
82,PMO reviews corona virus response and preparedness
83,"38% of beer drinkers refuse to buy Corona 'under any circumstances' because of coronavirus, poll finds"
84,Madonna cancels remaining Paris gigs...
85,Box Office Shows Christian Moviegoers Still Believe as Faith Based Weeper Number 1...
86,Alex Jones Is Peddling Toothpaste That He Falsely Says Kills Coronavirus
87,Companies are canceling US domestic travel over coronavirus fears - msnNOW
88,Americans Aren’t Drinking Corona Beer Due to Coronavirus Outbreak
89,"Corona Virus Affects Local Businesses, Sports Teams in Unlikely Ways - WHO TV Des Moines"
90,Saudi Officials Ban Pilgrimages to Mecca Over COVID-19
91,'It was like going to space': people are sharing their photos of deserted Italian streets on social media as the coronavirus outbreak surges
92,IPL 2020 postponed due to Coronavirus to April 15
93,Coronavirus containment is looking less likely amid surprise outbreaks in Iran and Italy
94,Announced: First Round 2020: Europe Speakers Announced
95,Shopping with Raven: Gearing Up for the Apocalypse
96,Porn sites have turned coronavirus into a viral marketing scheme — and it’s working
97,Corona beer maker says US sales remain strong despite virus outbreak - The Jakarta Post - Jakarta Post
98,Drink Corona: Israel's rabbis offer mixed advice on outbreak...
99,How Bad Is Your Group Chat About Coronavirus?
